simulationId,rounds,repeatAnyPair,repeatPairDifferentOpponents,repeatPairSameOpponents,repeatPairCount,repeatPairDifferentOpponentsCount,repeatPairSameOpponentsCount
1,3,false,false,false,0,0,0
2,3,false,false,false,0,0,0
3,3,false,false,false,0,0,0
4,3,false,false,false,0,0,0
5,3,false,false,false,0,0,0
6,3,false,false,false,0,0,0
7,3,false,false,false,0,0,0
8,3,false,false,false,0,0,0
9,3,false,false,false,0,0,0
10,3,false,false,false,0,0,0
11,3,false,false,false,0,0,0
12,3,false,false,false,0,0,0
13,3,true,true,false,1,1,0
14,3,false,false,false,0,0,0
15,3,false,false,false,0,0,0
16,3,false,false,false,0,0,0
17,3,false,false,false,0,0,0
18,3,false,false,false,0,0,0
19,3,false,false,false,0,0,0
20,3,false,false,false,0,0,0
21,3,false,false,false,0,0,0
22,3,false,false,false,0,0,0
23,3,true,true,false,1,1,0
24,3,false,false,false,0,0,0
25,3,false,false,false,0,0,0
26,3,false,false,false,0,0,0
27,3,false,false,false,0,0,0
28,3,false,false,false,0,0,0
29,3,false,false,false,0,0,0
30,3,false,false,false,0,0,0
31,3,false,false,false,0,0,0
32,3,false,false,false,0,0,0
33,3,false,false,false,0,0,0
34,3,false,false,false,0,0,0
35,3,true,true,false,1,1,0
36,3,false,false,false,0,0,0
37,3,false,false,false,0,0,0
38,3,false,false,false,0,0,0
39,3,false,false,false,0,0,0
40,3,false,false,false,0,0,0
41,3,true,true,false,1,1,0
42,3,false,false,false,0,0,0
43,3,false,false,false,0,0,0
44,3,false,false,false,0,0,0
45,3,false,false,false,0,0,0
46,3,false,false,false,0,0,0
47,3,false,false,false,0,0,0
48,3,false,false,false,0,0,0
49,3,false,false,false,0,0,0
50,3,false,false,false,0,0,0
51,3,false,false,false,0,0,0
52,3,false,false,false,0,0,0
53,3,false,false,false,0,0,0
54,3,false,false,false,0,0,0
55,3,false,false,false,0,0,0
56,3,false,false,false,0,0,0
57,3,false,false,false,0,0,0
58,3,true,true,false,1,1,0
59,3,false,false,false,0,0,0
60,3,false,false,false,0,0,0
61,3,false,false,false,0,0,0
62,3,false,false,false,0,0,0
63,3,false,false,false,0,0,0
64,3,false,false,false,0,0,0
65,3,false,false,false,0,0,0
66,3,false,false,false,0,0,0
67,3,false,false,false,0,0,0
68,3,true,true,false,1,1,0
69,3,false,false,false,0,0,0
70,3,false,false,false,0,0,0
71,3,false,false,false,0,0,0
72,3,false,false,false,0,0,0
73,3,false,false,false,0,0,0
74,3,false,false,false,0,0,0
75,3,true,true,false,1,1,0
76,3,false,false,false,0,0,0
77,3,false,false,false,0,0,0
78,3,false,false,false,0,0,0
79,3,false,false,false,0,0,0
80,3,false,false,false,0,0,0
81,3,false,false,false,0,0,0
82,3,false,false,false,0,0,0
83,3,true,true,false,1,1,0
84,3,false,false,false,0,0,0
85,3,true,true,false,1,1,0
86,3,true,true,false,1,1,0
87,3,false,false,false,0,0,0
88,3,false,false,false,0,0,0
89,3,true,true,false,1,1,0
90,3,false,false,false,0,0,0
91,3,true,true,false,1,1,0
92,3,false,false,false,0,0,0
93,3,false,false,false,0,0,0
94,3,false,false,false,0,0,0
95,3,false,false,false,0,0,0
96,3,false,false,false,0,0,0
97,3,false,false,false,0,0,0
98,3,false,false,false,0,0,0
99,3,false,false,false,0,0,0
100,3,false,false,false,0,0,0
101,3,false,false,false,0,0,0
102,3,false,false,false,0,0,0
103,3,true,true,false,1,1,0
104,3,false,false,false,0,0,0
105,3,false,false,false,0,0,0
106,3,false,false,false,0,0,0
107,3,false,false,false,0,0,0
108,3,false,false,false,0,0,0
109,3,false,false,false,0,0,0
110,3,true,true,false,1,1,0
111,3,true,true,false,1,1,0
112,3,false,false,false,0,0,0
113,3,false,false,false,0,0,0
114,3,false,false,false,0,0,0
115,3,false,false,false,0,0,0
116,3,false,false,false,0,0,0
117,3,false,false,false,0,0,0
118,3,true,true,false,1,1,0
119,3,true,true,false,1,1,0
120,3,false,false,false,0,0,0
121,3,true,true,false,1,1,0
122,3,false,false,false,0,0,0
123,3,false,false,false,0,0,0
124,3,false,false,false,0,0,0
125,3,false,false,false,0,0,0
126,3,false,false,false,0,0,0
127,3,false,false,false,0,0,0
128,3,true,true,false,1,1,0
129,3,false,false,false,0,0,0
130,3,false,false,false,0,0,0
131,3,false,false,false,0,0,0
132,3,false,false,false,0,0,0
133,3,false,false,false,0,0,0
134,3,false,false,false,0,0,0
135,3,false,false,false,0,0,0
136,3,false,false,false,0,0,0
137,3,true,true,false,1,1,0
138,3,false,false,false,0,0,0
139,3,false,false,false,0,0,0
140,3,true,true,false,1,1,0
141,3,false,false,false,0,0,0
142,3,false,false,false,0,0,0
143,3,false,false,false,0,0,0
144,3,false,false,false,0,0,0
145,3,false,false,false,0,0,0
146,3,false,false,false,0,0,0
147,3,false,false,false,0,0,0
148,3,false,false,false,0,0,0
149,3,false,false,false,0,0,0
150,3,false,false,false,0,0,0
151,3,false,false,false,0,0,0
152,3,false,false,false,0,0,0
153,3,false,false,false,0,0,0
154,3,false,false,false,0,0,0
155,3,false,false,false,0,0,0
156,3,false,false,false,0,0,0
157,3,false,false,false,0,0,0
158,3,false,false,false,0,0,0
159,3,false,false,false,0,0,0
160,3,false,false,false,0,0,0
161,3,false,false,false,0,0,0
162,3,false,false,false,0,0,0
163,3,false,false,false,0,0,0
164,3,false,false,false,0,0,0
165,3,true,true,false,1,1,0
166,3,false,false,false,0,0,0
167,3,true,true,false,1,1,0
168,3,false,false,false,0,0,0
169,3,true,true,false,1,1,0
170,3,true,true,false,1,1,0
171,3,false,false,false,0,0,0
172,3,false,false,false,0,0,0
173,3,false,false,false,0,0,0
174,3,false,false,false,0,0,0
175,3,false,false,false,0,0,0
176,3,false,false,false,0,0,0
177,3,false,false,false,0,0,0
178,3,false,false,false,0,0,0
179,3,false,false,false,0,0,0
180,3,false,false,false,0,0,0
181,3,false,false,false,0,0,0
182,3,false,false,false,0,0,0
183,3,true,true,false,1,1,0
184,3,false,false,false,0,0,0
185,3,false,false,false,0,0,0
186,3,false,false,false,0,0,0
187,3,false,false,false,0,0,0
188,3,false,false,false,0,0,0
189,3,false,false,false,0,0,0
190,3,false,false,false,0,0,0
191,3,false,false,false,0,0,0
192,3,false,false,false,0,0,0
193,3,false,false,false,0,0,0
194,3,false,false,false,0,0,0
195,3,false,false,false,0,0,0
196,3,false,false,false,0,0,0
197,3,false,false,false,0,0,0
198,3,false,false,false,0,0,0
199,3,false,false,false,0,0,0
200,3,false,false,false,0,0,0
201,3,false,false,false,0,0,0
202,3,false,false,false,0,0,0
203,3,false,false,false,0,0,0
204,3,false,false,false,0,0,0
205,3,false,false,false,0,0,0
206,3,false,false,false,0,0,0
207,3,false,false,false,0,0,0
208,3,false,false,false,0,0,0
209,3,false,false,false,0,0,0
210,3,false,false,false,0,0,0
211,3,true,true,false,1,1,0
212,3,false,false,false,0,0,0
213,3,false,false,false,0,0,0
214,3,false,false,false,0,0,0
215,3,false,false,false,0,0,0
216,3,false,false,false,0,0,0
217,3,false,false,false,0,0,0
218,3,false,false,false,0,0,0
219,3,false,false,false,0,0,0
220,3,false,false,false,0,0,0
221,3,false,false,false,0,0,0
222,3,false,false,false,0,0,0
223,3,false,false,false,0,0,0
224,3,false,false,false,0,0,0
225,3,false,false,false,0,0,0
226,3,false,false,false,0,0,0
227,3,false,false,false,0,0,0
228,3,false,false,false,0,0,0
229,3,true,true,false,1,1,0
230,3,true,true,false,1,1,0
231,3,true,true,false,1,1,0
232,3,false,false,false,0,0,0
233,3,false,false,false,0,0,0
234,3,false,false,false,0,0,0
235,3,false,false,false,0,0,0
236,3,false,false,false,0,0,0
237,3,false,false,false,0,0,0
238,3,true,true,false,1,1,0
239,3,false,false,false,0,0,0
240,3,false,false,false,0,0,0
241,3,false,false,false,0,0,0
242,3,true,true,false,1,1,0
243,3,false,false,false,0,0,0
244,3,true,true,false,1,1,0
245,3,false,false,false,0,0,0
246,3,false,false,false,0,0,0
247,3,false,false,false,0,0,0
248,3,false,false,false,0,0,0
249,3,false,false,false,0,0,0
250,3,false,false,false,0,0,0
251,3,false,false,false,0,0,0
252,3,false,false,false,0,0,0
253,3,false,false,false,0,0,0
254,3,false,false,false,0,0,0
255,3,false,false,false,0,0,0
256,3,false,false,false,0,0,0
257,3,false,false,false,0,0,0
258,3,false,false,false,0,0,0
259,3,false,false,false,0,0,0
260,3,true,true,false,1,1,0
261,3,false,false,false,0,0,0
262,3,false,false,false,0,0,0
263,3,false,false,false,0,0,0
264,3,false,false,false,0,0,0
265,3,false,false,false,0,0,0
266,3,false,false,false,0,0,0
267,3,false,false,false,0,0,0
268,3,false,false,false,0,0,0
269,3,false,false,false,0,0,0
270,3,false,false,false,0,0,0
271,3,true,true,false,1,1,0
272,3,false,false,false,0,0,0
273,3,false,false,false,0,0,0
274,3,false,false,false,0,0,0
275,3,false,false,false,0,0,0
276,3,false,false,false,0,0,0
277,3,false,false,false,0,0,0
278,3,false,false,false,0,0,0
279,3,false,false,false,0,0,0
280,3,false,false,false,0,0,0
281,3,false,false,false,0,0,0
282,3,false,false,false,0,0,0
283,3,true,true,false,2,2,0
284,3,false,false,false,0,0,0
285,3,false,false,false,0,0,0
286,3,false,false,false,0,0,0
287,3,false,false,false,0,0,0
288,3,false,false,false,0,0,0
289,3,false,false,false,0,0,0
290,3,false,false,false,0,0,0
291,3,false,false,false,0,0,0
292,3,false,false,false,0,0,0
293,3,false,false,false,0,0,0
294,3,false,false,false,0,0,0
295,3,false,false,false,0,0,0
296,3,false,false,false,0,0,0
297,3,false,false,false,0,0,0
298,3,false,false,false,0,0,0
299,3,false,false,false,0,0,0
300,3,false,false,false,0,0,0
301,3,false,false,false,0,0,0
302,3,false,false,false,0,0,0
303,3,false,false,false,0,0,0
304,3,true,true,false,1,1,0
305,3,false,false,false,0,0,0
306,3,false,false,false,0,0,0
307,3,true,true,false,1,1,0
308,3,false,false,false,0,0,0
309,3,false,false,false,0,0,0
310,3,false,false,false,0,0,0
311,3,false,false,false,0,0,0
312,3,false,false,false,0,0,0
313,3,false,false,false,0,0,0
314,3,false,false,false,0,0,0
315,3,false,false,false,0,0,0
316,3,false,false,false,0,0,0
317,3,false,false,false,0,0,0
318,3,false,false,false,0,0,0
319,3,false,false,false,0,0,0
320,3,false,false,false,0,0,0
321,3,false,false,false,0,0,0
322,3,false,false,false,0,0,0
323,3,false,false,false,0,0,0
324,3,false,false,false,0,0,0
325,3,false,false,false,0,0,0
326,3,false,false,false,0,0,0
327,3,false,false,false,0,0,0
328,3,false,false,false,0,0,0
329,3,false,false,false,0,0,0
330,3,false,false,false,0,0,0
331,3,false,false,false,0,0,0
332,3,false,false,false,0,0,0
333,3,false,false,false,0,0,0
334,3,false,false,false,0,0,0
335,3,false,false,false,0,0,0
336,3,false,false,false,0,0,0
337,3,false,false,false,0,0,0
338,3,false,false,false,0,0,0
339,3,false,false,false,0,0,0
340,3,false,false,false,0,0,0
341,3,false,false,false,0,0,0
342,3,false,false,false,0,0,0
343,3,false,false,false,0,0,0
344,3,false,false,false,0,0,0
345,3,false,false,false,0,0,0
346,3,false,false,false,0,0,0
347,3,false,false,false,0,0,0
348,3,false,false,false,0,0,0
349,3,true,true,false,1,1,0
350,3,false,false,false,0,0,0
351,3,false,false,false,0,0,0
352,3,false,false,false,0,0,0
353,3,false,false,false,0,0,0
354,3,false,false,false,0,0,0
355,3,false,false,false,0,0,0
356,3,false,false,false,0,0,0
357,3,false,false,false,0,0,0
358,3,false,false,false,0,0,0
359,3,false,false,false,0,0,0
360,3,false,false,false,0,0,0
361,3,true,true,false,1,1,0
362,3,false,false,false,0,0,0
363,3,false,false,false,0,0,0
364,3,false,false,false,0,0,0
365,3,false,false,false,0,0,0
366,3,false,false,false,0,0,0
367,3,false,false,false,0,0,0
368,3,false,false,false,0,0,0
369,3,false,false,false,0,0,0
370,3,false,false,false,0,0,0
371,3,true,true,false,1,1,0
372,3,true,true,false,1,1,0
373,3,false,false,false,0,0,0
374,3,false,false,false,0,0,0
375,3,false,false,false,0,0,0
376,3,true,true,false,1,1,0
377,3,false,false,false,0,0,0
378,3,false,false,false,0,0,0
379,3,false,false,false,0,0,0
380,3,false,false,false,0,0,0
381,3,false,false,false,0,0,0
382,3,false,false,false,0,0,0
383,3,false,false,false,0,0,0
384,3,false,false,false,0,0,0
385,3,false,false,false,0,0,0
386,3,false,false,false,0,0,0
387,3,false,false,false,0,0,0
388,3,false,false,false,0,0,0
389,3,false,false,false,0,0,0
390,3,false,false,false,0,0,0
391,3,false,false,false,0,0,0
392,3,false,false,false,0,0,0
393,3,true,true,false,1,1,0
394,3,false,false,false,0,0,0
395,3,true,true,false,1,1,0
396,3,false,false,false,0,0,0
397,3,false,false,false,0,0,0
398,3,false,false,false,0,0,0
399,3,false,false,false,0,0,0
400,3,true,true,false,1,1,0
401,3,false,false,false,0,0,0
402,3,false,false,false,0,0,0
403,3,false,false,false,0,0,0
404,3,false,false,false,0,0,0
405,3,false,false,false,0,0,0
406,3,false,false,false,0,0,0
407,3,false,false,false,0,0,0
408,3,false,false,false,0,0,0
409,3,true,true,false,1,1,0
410,3,true,true,false,1,1,0
411,3,false,false,false,0,0,0
412,3,false,false,false,0,0,0
413,3,false,false,false,0,0,0
414,3,false,false,false,0,0,0
415,3,false,false,false,0,0,0
416,3,false,false,false,0,0,0
417,3,false,false,false,0,0,0
418,3,false,false,false,0,0,0
419,3,false,false,false,0,0,0
420,3,false,false,false,0,0,0
421,3,false,false,false,0,0,0
422,3,false,false,false,0,0,0
423,3,false,false,false,0,0,0
424,3,false,false,false,0,0,0
425,3,false,false,false,0,0,0
426,3,false,false,false,0,0,0
427,3,false,false,false,0,0,0
428,3,false,false,false,0,0,0
429,3,false,false,false,0,0,0
430,3,false,false,false,0,0,0
431,3,false,false,false,0,0,0
432,3,false,false,false,0,0,0
433,3,false,false,false,0,0,0
434,3,false,false,false,0,0,0
435,3,false,false,false,0,0,0
436,3,false,false,false,0,0,0
437,3,true,true,false,2,2,0
438,3,false,false,false,0,0,0
439,3,false,false,false,0,0,0
440,3,false,false,false,0,0,0
441,3,true,true,false,1,1,0
442,3,false,false,false,0,0,0
443,3,false,false,false,0,0,0
444,3,false,false,false,0,0,0
445,3,false,false,false,0,0,0
446,3,false,false,false,0,0,0
447,3,false,false,false,0,0,0
448,3,false,false,false,0,0,0
449,3,false,false,false,0,0,0
450,3,false,false,false,0,0,0
451,3,false,false,false,0,0,0
452,3,true,true,false,1,1,0
453,3,false,false,false,0,0,0
454,3,false,false,false,0,0,0
455,3,false,false,false,0,0,0
456,3,false,false,false,0,0,0
457,3,false,false,false,0,0,0
458,3,false,false,false,0,0,0
459,3,false,false,false,0,0,0
460,3,false,false,false,0,0,0
461,3,false,false,false,0,0,0
462,3,false,false,false,0,0,0
463,3,false,false,false,0,0,0
464,3,false,false,false,0,0,0
465,3,false,false,false,0,0,0
466,3,false,false,false,0,0,0
467,3,false,false,false,0,0,0
468,3,false,false,false,0,0,0
469,3,false,false,false,0,0,0
470,3,true,true,false,1,1,0
471,3,false,false,false,0,0,0
472,3,false,false,false,0,0,0
473,3,false,false,false,0,0,0
474,3,true,true,false,1,1,0
475,3,false,false,false,0,0,0
476,3,true,true,false,1,1,0
477,3,false,false,false,0,0,0
478,3,false,false,false,0,0,0
479,3,false,false,false,0,0,0
480,3,false,false,false,0,0,0
481,3,false,false,false,0,0,0
482,3,false,false,false,0,0,0
483,3,false,false,false,0,0,0
484,3,false,false,false,0,0,0
485,3,false,false,false,0,0,0
486,3,true,true,false,1,1,0
487,3,false,false,false,0,0,0
488,3,false,false,false,0,0,0
489,3,false,false,false,0,0,0
490,3,true,true,false,1,1,0
491,3,true,true,false,1,1,0
492,3,false,false,false,0,0,0
493,3,false,false,false,0,0,0
494,3,false,false,false,0,0,0
495,3,false,false,false,0,0,0
496,3,false,false,false,0,0,0
497,3,false,false,false,0,0,0
498,3,true,true,false,1,1,0
499,3,false,false,false,0,0,0
500,3,false,false,false,0,0,0
501,3,false,false,false,0,0,0
502,3,false,false,false,0,0,0
503,3,false,false,false,0,0,0
504,3,false,false,false,0,0,0
505,3,false,false,false,0,0,0
506,3,false,false,false,0,0,0
507,3,true,true,false,1,1,0
508,3,false,false,false,0,0,0
509,3,false,false,false,0,0,0
510,3,false,false,false,0,0,0
511,3,false,false,false,0,0,0
512,3,true,true,false,1,1,0
513,3,false,false,false,0,0,0
514,3,false,false,false,0,0,0
515,3,false,false,false,0,0,0
516,3,false,false,false,0,0,0
517,3,false,false,false,0,0,0
518,3,false,false,false,0,0,0
519,3,false,false,false,0,0,0
520,3,true,true,false,1,1,0
521,3,false,false,false,0,0,0
522,3,false,false,false,0,0,0
523,3,false,false,false,0,0,0
524,3,false,false,false,0,0,0
525,3,false,false,false,0,0,0
526,3,false,false,false,0,0,0
527,3,false,false,false,0,0,0
528,3,false,false,false,0,0,0
529,3,false,false,false,0,0,0
530,3,false,false,false,0,0,0
531,3,false,false,false,0,0,0
532,3,false,false,false,0,0,0
533,3,false,false,false,0,0,0
534,3,false,false,false,0,0,0
535,3,false,false,false,0,0,0
536,3,false,false,false,0,0,0
537,3,false,false,false,0,0,0
538,3,false,false,false,0,0,0
539,3,false,false,false,0,0,0
540,3,false,false,false,0,0,0
541,3,false,false,false,0,0,0
542,3,false,false,false,0,0,0
543,3,false,false,false,0,0,0
544,3,false,false,false,0,0,0
545,3,false,false,false,0,0,0
546,3,false,false,false,0,0,0
547,3,false,false,false,0,0,0
548,3,true,true,false,1,1,0
549,3,false,false,false,0,0,0
550,3,true,true,false,1,1,0
551,3,false,false,false,0,0,0
552,3,true,true,false,1,1,0
553,3,false,false,false,0,0,0
554,3,false,false,false,0,0,0
555,3,false,false,false,0,0,0
556,3,false,false,false,0,0,0
557,3,false,false,false,0,0,0
558,3,true,true,false,1,1,0
559,3,false,false,false,0,0,0
560,3,false,false,false,0,0,0
561,3,false,false,false,0,0,0
562,3,false,false,false,0,0,0
563,3,false,false,false,0,0,0
564,3,false,false,false,0,0,0
565,3,false,false,false,0,0,0
566,3,false,false,false,0,0,0
567,3,false,false,false,0,0,0
568,3,false,false,false,0,0,0
569,3,false,false,false,0,0,0
570,3,false,false,false,0,0,0
571,3,true,true,false,1,1,0
572,3,false,false,false,0,0,0
573,3,false,false,false,0,0,0
574,3,true,true,false,1,1,0
575,3,false,false,false,0,0,0
576,3,false,false,false,0,0,0
577,3,false,false,false,0,0,0
578,3,false,false,false,0,0,0
579,3,false,false,false,0,0,0
580,3,false,false,false,0,0,0
581,3,false,false,false,0,0,0
582,3,false,false,false,0,0,0
583,3,false,false,false,0,0,0
584,3,false,false,false,0,0,0
585,3,false,false,false,0,0,0
586,3,false,false,false,0,0,0
587,3,true,true,false,1,1,0
588,3,false,false,false,0,0,0
589,3,false,false,false,0,0,0
590,3,false,false,false,0,0,0
591,3,false,false,false,0,0,0
592,3,false,false,false,0,0,0
593,3,true,true,false,1,1,0
594,3,false,false,false,0,0,0
595,3,false,false,false,0,0,0
596,3,false,false,false,0,0,0
597,3,false,false,false,0,0,0
598,3,false,false,false,0,0,0
599,3,false,false,false,0,0,0
600,3,false,false,false,0,0,0
601,3,false,false,false,0,0,0
602,3,false,false,false,0,0,0
603,3,true,true,false,1,1,0
604,3,false,false,false,0,0,0
605,3,false,false,false,0,0,0
606,3,true,true,false,1,1,0
607,3,false,false,false,0,0,0
608,3,false,false,false,0,0,0
609,3,false,false,false,0,0,0
610,3,false,false,false,0,0,0
611,3,false,false,false,0,0,0
612,3,false,false,false,0,0,0
613,3,false,false,false,0,0,0
614,3,false,false,false,0,0,0
615,3,false,false,false,0,0,0
616,3,false,false,false,0,0,0
617,3,false,false,false,0,0,0
618,3,false,false,false,0,0,0
619,3,false,false,false,0,0,0
620,3,false,false,false,0,0,0
621,3,false,false,false,0,0,0
622,3,false,false,false,0,0,0
623,3,false,false,false,0,0,0
624,3,false,false,false,0,0,0
625,3,false,false,false,0,0,0
626,3,false,false,false,0,0,0
627,3,false,false,false,0,0,0
628,3,false,false,false,0,0,0
629,3,false,false,false,0,0,0
630,3,false,false,false,0,0,0
631,3,true,true,false,1,1,0
632,3,true,true,false,1,1,0
633,3,false,false,false,0,0,0
634,3,false,false,false,0,0,0
635,3,true,true,false,1,1,0
636,3,false,false,false,0,0,0
637,3,false,false,false,0,0,0
638,3,true,true,false,1,1,0
639,3,true,true,false,1,1,0
640,3,false,false,false,0,0,0
641,3,false,false,false,0,0,0
642,3,true,true,false,1,1,0
643,3,false,false,false,0,0,0
644,3,false,false,false,0,0,0
645,3,false,false,false,0,0,0
646,3,false,false,false,0,0,0
647,3,false,false,false,0,0,0
648,3,false,false,false,0,0,0
649,3,false,false,false,0,0,0
650,3,false,false,false,0,0,0
651,3,true,true,false,2,2,0
652,3,false,false,false,0,0,0
653,3,false,false,false,0,0,0
654,3,false,false,false,0,0,0
655,3,false,false,false,0,0,0
656,3,false,false,false,0,0,0
657,3,false,false,false,0,0,0
658,3,true,true,false,1,1,0
659,3,false,false,false,0,0,0
660,3,false,false,false,0,0,0
661,3,false,false,false,0,0,0
662,3,false,false,false,0,0,0
663,3,false,false,false,0,0,0
664,3,true,true,false,1,1,0
665,3,true,true,false,1,1,0
666,3,false,false,false,0,0,0
667,3,false,false,false,0,0,0
668,3,false,false,false,0,0,0
669,3,false,false,false,0,0,0
670,3,false,false,false,0,0,0
671,3,false,false,false,0,0,0
672,3,false,false,false,0,0,0
673,3,false,false,false,0,0,0
674,3,false,false,false,0,0,0
675,3,false,false,false,0,0,0
676,3,false,false,false,0,0,0
677,3,false,false,false,0,0,0
678,3,false,false,false,0,0,0
679,3,false,false,false,0,0,0
680,3,false,false,false,0,0,0
681,3,false,false,false,0,0,0
682,3,false,false,false,0,0,0
683,3,false,false,false,0,0,0
684,3,false,false,false,0,0,0
685,3,true,true,false,2,2,0
686,3,false,false,false,0,0,0
687,3,true,true,false,1,1,0
688,3,false,false,false,0,0,0
689,3,false,false,false,0,0,0
690,3,false,false,false,0,0,0
691,3,true,true,false,1,1,0
692,3,false,false,false,0,0,0
693,3,false,false,false,0,0,0
694,3,false,false,false,0,0,0
695,3,false,false,false,0,0,0
696,3,false,false,false,0,0,0
697,3,false,false,false,0,0,0
698,3,false,false,false,0,0,0
699,3,false,false,false,0,0,0
700,3,false,false,false,0,0,0
701,3,false,false,false,0,0,0
702,3,false,false,false,0,0,0
703,3,false,false,false,0,0,0
704,3,false,false,false,0,0,0
705,3,false,false,false,0,0,0
706,3,false,false,false,0,0,0
707,3,false,false,false,0,0,0
708,3,false,false,false,0,0,0
709,3,false,false,false,0,0,0
710,3,false,false,false,0,0,0
711,3,true,true,false,1,1,0
712,3,false,false,false,0,0,0
713,3,true,true,false,1,1,0
714,3,false,false,false,0,0,0
715,3,false,false,false,0,0,0
716,3,false,false,false,0,0,0
717,3,false,false,false,0,0,0
718,3,false,false,false,0,0,0
719,3,false,false,false,0,0,0
720,3,true,true,false,1,1,0
721,3,false,false,false,0,0,0
722,3,true,true,false,1,1,0
723,3,false,false,false,0,0,0
724,3,false,false,false,0,0,0
725,3,false,false,false,0,0,0
726,3,false,false,false,0,0,0
727,3,true,true,false,1,1,0
728,3,false,false,false,0,0,0
729,3,false,false,false,0,0,0
730,3,false,false,false,0,0,0
731,3,false,false,false,0,0,0
732,3,false,false,false,0,0,0
733,3,false,false,false,0,0,0
734,3,false,false,false,0,0,0
735,3,false,false,false,0,0,0
736,3,false,false,false,0,0,0
737,3,false,false,false,0,0,0
738,3,false,false,false,0,0,0
739,3,false,false,false,0,0,0
740,3,false,false,false,0,0,0
741,3,false,false,false,0,0,0
742,3,false,false,false,0,0,0
743,3,false,false,false,0,0,0
744,3,false,false,false,0,0,0
745,3,false,false,false,0,0,0
746,3,false,false,false,0,0,0
747,3,false,false,false,0,0,0
748,3,true,true,false,1,1,0
749,3,false,false,false,0,0,0
750,3,false,false,false,0,0,0
751,3,false,false,false,0,0,0
752,3,true,true,false,1,1,0
753,3,false,false,false,0,0,0
754,3,false,false,false,0,0,0
755,3,false,false,false,0,0,0
756,3,false,false,false,0,0,0
757,3,false,false,false,0,0,0
758,3,false,false,false,0,0,0
759,3,false,false,false,0,0,0
760,3,false,false,false,0,0,0
761,3,false,false,false,0,0,0
762,3,false,false,false,0,0,0
763,3,false,false,false,0,0,0
764,3,false,false,false,0,0,0
765,3,true,true,false,1,1,0
766,3,false,false,false,0,0,0
767,3,false,false,false,0,0,0
768,3,false,false,false,0,0,0
769,3,false,false,false,0,0,0
770,3,true,true,false,1,1,0
771,3,false,false,false,0,0,0
772,3,false,false,false,0,0,0
773,3,false,false,false,0,0,0
774,3,false,false,false,0,0,0
775,3,true,true,false,1,1,0
776,3,false,false,false,0,0,0
777,3,false,false,false,0,0,0
778,3,false,false,false,0,0,0
779,3,false,false,false,0,0,0
780,3,false,false,false,0,0,0
781,3,false,false,false,0,0,0
782,3,false,false,false,0,0,0
783,3,true,true,false,1,1,0
784,3,false,false,false,0,0,0
785,3,false,false,false,0,0,0
786,3,false,false,false,0,0,0
787,3,true,true,false,1,1,0
788,3,false,false,false,0,0,0
789,3,false,false,false,0,0,0
790,3,false,false,false,0,0,0
791,3,false,false,false,0,0,0
792,3,false,false,false,0,0,0
793,3,false,false,false,0,0,0
794,3,false,false,false,0,0,0
795,3,false,false,false,0,0,0
796,3,false,false,false,0,0,0
797,3,false,false,false,0,0,0
798,3,false,false,false,0,0,0
799,3,false,false,false,0,0,0
800,3,false,false,false,0,0,0
801,3,false,false,false,0,0,0
802,3,false,false,false,0,0,0
803,3,false,false,false,0,0,0
804,3,false,false,false,0,0,0
805,3,false,false,false,0,0,0
806,3,false,false,false,0,0,0
807,3,false,false,false,0,0,0
808,3,false,false,false,0,0,0
809,3,false,false,false,0,0,0
810,3,false,false,false,0,0,0
811,3,false,false,false,0,0,0
812,3,false,false,false,0,0,0
813,3,false,false,false,0,0,0
814,3,false,false,false,0,0,0
815,3,false,false,false,0,0,0
816,3,false,false,false,0,0,0
817,3,false,false,false,0,0,0
818,3,true,true,false,1,1,0
819,3,false,false,false,0,0,0
820,3,false,false,false,0,0,0
821,3,false,false,false,0,0,0
822,3,false,false,false,0,0,0
823,3,false,false,false,0,0,0
824,3,false,false,false,0,0,0
825,3,false,false,false,0,0,0
826,3,true,true,false,1,1,0
827,3,false,false,false,0,0,0
828,3,false,false,false,0,0,0
829,3,false,false,false,0,0,0
830,3,false,false,false,0,0,0
831,3,false,false,false,0,0,0
832,3,true,true,false,1,1,0
833,3,false,false,false,0,0,0
834,3,false,false,false,0,0,0
835,3,false,false,false,0,0,0
836,3,true,true,false,1,1,0
837,3,false,false,false,0,0,0
838,3,false,false,false,0,0,0
839,3,false,false,false,0,0,0
840,3,false,false,false,0,0,0
841,3,false,false,false,0,0,0
842,3,true,true,false,1,1,0
843,3,false,false,false,0,0,0
844,3,false,false,false,0,0,0
845,3,false,false,false,0,0,0
846,3,false,false,false,0,0,0
847,3,true,true,false,1,1,0
848,3,false,false,false,0,0,0
849,3,false,false,false,0,0,0
850,3,false,false,false,0,0,0
851,3,false,false,false,0,0,0
852,3,false,false,false,0,0,0
853,3,true,true,false,1,1,0
854,3,false,false,false,0,0,0
855,3,true,true,false,1,1,0
856,3,false,false,false,0,0,0
857,3,false,false,false,0,0,0
858,3,false,false,false,0,0,0
859,3,false,false,false,0,0,0
860,3,false,false,false,0,0,0
861,3,false,false,false,0,0,0
862,3,false,false,false,0,0,0
863,3,false,false,false,0,0,0
864,3,false,false,false,0,0,0
865,3,false,false,false,0,0,0
866,3,false,false,false,0,0,0
867,3,false,false,false,0,0,0
868,3,true,true,false,1,1,0
869,3,false,false,false,0,0,0
870,3,false,false,false,0,0,0
871,3,false,false,false,0,0,0
872,3,false,false,false,0,0,0
873,3,false,false,false,0,0,0
874,3,true,true,false,1,1,0
875,3,false,false,false,0,0,0
876,3,false,false,false,0,0,0
877,3,false,false,false,0,0,0
878,3,false,false,false,0,0,0
879,3,false,false,false,0,0,0
880,3,false,false,false,0,0,0
881,3,false,false,false,0,0,0
882,3,false,false,false,0,0,0
883,3,true,true,false,1,1,0
884,3,false,false,false,0,0,0
885,3,false,false,false,0,0,0
886,3,true,true,false,1,1,0
887,3,false,false,false,0,0,0
888,3,false,false,false,0,0,0
889,3,false,false,false,0,0,0
890,3,false,false,false,0,0,0
891,3,false,false,false,0,0,0
892,3,false,false,false,0,0,0
893,3,false,false,false,0,0,0
894,3,false,false,false,0,0,0
895,3,false,false,false,0,0,0
896,3,true,true,false,1,1,0
897,3,false,false,false,0,0,0
898,3,false,false,false,0,0,0
899,3,false,false,false,0,0,0
900,3,false,false,false,0,0,0
901,3,false,false,false,0,0,0
902,3,false,false,false,0,0,0
903,3,false,false,false,0,0,0
904,3,false,false,false,0,0,0
905,3,true,true,false,1,1,0
906,3,false,false,false,0,0,0
907,3,false,false,false,0,0,0
908,3,false,false,false,0,0,0
909,3,false,false,false,0,0,0
910,3,false,false,false,0,0,0
911,3,false,false,false,0,0,0
912,3,true,true,false,1,1,0
913,3,false,false,false,0,0,0
914,3,false,false,false,0,0,0
915,3,false,false,false,0,0,0
916,3,false,false,false,0,0,0
917,3,false,false,false,0,0,0
918,3,false,false,false,0,0,0
919,3,true,true,false,1,1,0
920,3,true,true,false,1,1,0
921,3,false,false,false,0,0,0
922,3,false,false,false,0,0,0
923,3,false,false,false,0,0,0
924,3,false,false,false,0,0,0
925,3,true,true,false,1,1,0
926,3,false,false,false,0,0,0
927,3,false,false,false,0,0,0
928,3,false,false,false,0,0,0
929,3,false,false,false,0,0,0
930,3,false,false,false,0,0,0
931,3,false,false,false,0,0,0
932,3,false,false,false,0,0,0
933,3,false,false,false,0,0,0
934,3,false,false,false,0,0,0
935,3,false,false,false,0,0,0
936,3,false,false,false,0,0,0
937,3,false,false,false,0,0,0
938,3,false,false,false,0,0,0
939,3,false,false,false,0,0,0
940,3,false,false,false,0,0,0
941,3,false,false,false,0,0,0
942,3,false,false,false,0,0,0
943,3,false,false,false,0,0,0
944,3,false,false,false,0,0,0
945,3,true,true,false,2,2,0
946,3,false,false,false,0,0,0
947,3,false,false,false,0,0,0
948,3,false,false,false,0,0,0
949,3,false,false,false,0,0,0
950,3,false,false,false,0,0,0
951,3,false,false,false,0,0,0
952,3,false,false,false,0,0,0
953,3,false,false,false,0,0,0
954,3,false,false,false,0,0,0
955,3,false,false,false,0,0,0
956,3,false,false,false,0,0,0
957,3,false,false,false,0,0,0
958,3,false,false,false,0,0,0
959,3,false,false,false,0,0,0
960,3,true,true,false,1,1,0
961,3,true,true,false,1,1,0
962,3,false,false,false,0,0,0
963,3,false,false,false,0,0,0
964,3,false,false,false,0,0,0
965,3,false,false,false,0,0,0
966,3,false,false,false,0,0,0
967,3,false,false,false,0,0,0
968,3,false,false,false,0,0,0
969,3,false,false,false,0,0,0
970,3,true,true,false,1,1,0
971,3,false,false,false,0,0,0
972,3,false,false,false,0,0,0
973,3,false,false,false,0,0,0
974,3,true,true,false,1,1,0
975,3,false,false,false,0,0,0
976,3,false,false,false,0,0,0
977,3,false,false,false,0,0,0
978,3,false,false,false,0,0,0
979,3,false,false,false,0,0,0
980,3,false,false,false,0,0,0
981,3,false,false,false,0,0,0
982,3,false,false,false,0,0,0
983,3,true,true,false,1,1,0
984,3,false,false,false,0,0,0
985,3,false,false,false,0,0,0
986,3,true,true,false,1,1,0
987,3,false,false,false,0,0,0
988,3,false,false,false,0,0,0
989,3,false,false,false,0,0,0
990,3,false,false,false,0,0,0
991,3,false,false,false,0,0,0
992,3,false,false,false,0,0,0
993,3,false,false,false,0,0,0
994,3,false,false,false,0,0,0
995,3,true,true,false,1,1,0
996,3,false,false,false,0,0,0
997,3,false,false,false,0,0,0
998,3,false,false,false,0,0,0
999,3,false,false,false,0,0,0
1000,3,false,false,false,0,0,0